{"cameraMode":{"drawMode":0,"name":"Shaded","section":"Shading Mode"},"sceneLighting":false,"audioPlay":false,"sceneViewState":{"m_AlwaysRefresh":false,"showFog":false,"showSkybox":false,"showFlares":false,"showImageEffects":false,"showParticleSystems":false,"showVisualEffectGraphs":true,"m_FxEnabled":true},"in2DMode":false,"pivot":{"x":-0.000041484832763671875,"y":0.9299392700195313,"z":0.026116162538528444},"rotation":{"x":0.15692242980003358,"y":0.4467589855194092,"z":-0.07989677041769028,"w":0.8772783279418945},"size":1.4698251485824586,"orthographic":false}